{
  "language": "de",
  "version": 1,
  "ngram_size": 2,
  "ngrams": {
    "en": 0.04390492587868815,
    "er": 0.03973758642648374,
    "ch": 0.03452705142137662,
    "de": 0.024144080727007515,
    "ie": 0.02216110204992462,
    "te": 0.02069518551645437,
    "in": 0.018587023373023145,
    "ei": 0.017901235687810577,
    "un": 0.017888535915862196,
    "he": 0.01661855872102411,
    "nd": 0.016163181184017883,
    "ge": 0.0157985163037858,
    "is": 0.014920417786212038,
    "sc": 0.014113075140922112,
    "st": 0.01307713660056133,
    "di": 0.011622105585903979,
    "be": 0.011453380044304061,
    "re": 0.010765778105956011,
    "es": 0.010693207980536693,
    "ng": 0.010611566589439958,
    "it": 0.010468240591736802,
    "ic": 0.010330357353440097,
    "ne": 0.010232387684124015,
    "ti": 0.010177960090059526,
    "an": 0.00998020649829188,
    "li": 0.009640941161956563,
    "se": 0.009058565905466526,
    "on": 0.008715672062860242,
    "el": 0.008341935916950748,
    "le": 0.008091568984254097,
    "al": 0.007913772176976764,
    "si": 0.007795845723170371,
    "nt": 0.007286040592099653,
    "au": 0.00727152656701579,
    "ra": 0.006955846521441751,
    "ns": 0.006935889736951438,
    "at": 0.006707293841880582,
    "or": 0.006527682781467767,
    "me": 0.006431527365287169,
    "ri": 0.005956193043790628,
    "ha": 0.005943493271842247,
    "hi": 0.005769324970835881,
    "wi": 0.005769324970835881,
    "ss": 0.00563507023881014,
    "ur": 0.005577014138474685,
    "em": 0.005569757125932753,
    "us": 0.005515329531868263,
    "we": 0.005386517559248972,
    "et": 0.005261334092900646,
    "ik": 0.0052377488021393675,
    "rt": 0.0052232347770555035,
    "ar": 0.005192392473752293,
    "ll": 0.004960168072410471,
    "rs": 0.004887597946991152,
    "ma": 0.004789628277675071,
    "hr": 0.004731572177339615,
    "ni": 0.004559218129468732,
    "zu": 0.0044630627132881346,
    "ve": 0.004394121094139781,
    "so": 0.0043832355753268834,
    "io": 0.004308851196772081,
    "ol": 0.004230838311946312,
    "as": 0.004212695780591483,
    "vo": 0.004207253021185034,
    "ht": 0.00410746909873347,
    "mi": 0.0040240134545012525,
    "da": 0.004005870923146423,
    "tu": 0.00398591413865611,
    "ig": 0.003800860318836846,
    "na": 0.003800860318836846,
    "lo": 0.0036684198399465884,
    "ft": 0.00360854948647565,
    "il": 0.0035595646518176093,
    "ts": 0.0035232795891079497,
    "lt": 0.0034543379699595966,
    "pr": 0.003428938426062835,
    "ph": 0.003396281869624141,
    "ac": 0.0033618110600499647,
    "rd": 0.003323711744204822,
    "th": 0.0032946836940370944,
    "ru": 0.0032148565560758432,
    "sp": 0.0031549862026049045,
    "tr": 0.0031386579243855577,
    "og": 0.003136843671250075,
    "gr": 0.00312777240557266,
    "ke": 0.003122329646166211,
    "la": 0.003120515393030728,
    "gi": 0.003111444127353313,
    "kt": 0.0031041871148113813,
    "eh": 0.003044316761340443,
    "ro": 0.003029802736256579,
    "ta": 0.0029898891672759534,
    "eg": 0.0029826321547340214,
    "af": 0.002942718585753396,
    "ze": 0.0029136905355856683,
    "im": 0.0029028050167727703,
    "nn": 0.002850191675843764,
    "zi": 0.0027903213223728256,
    "ls": 0.002710494184411574,
    "ed": 0.0027032371718696425,
    "um": 0.0026578808434825677,
    "uf": 0.002599824743147112,
    "eb": 0.0025925677306051806,
    "ut": 0.0025834964649277654,
    "eu": 0.002549025655353589,
    "uc": 0.0024982265675600654,
    "mu": 0.0023639718355343248,
    "bi": 0.002278701938166625,
    "om": 0.0022061318127473053,
    "fo": 0.0021825465219860265,
    "od": 0.0021825465219860265,
    "rn": 0.002119047662244122,
    "wa": 0.002070062827586082,
    "du": 0.002039220524282871,
    "hu": 0.0020210779929280415,
    "fe": 0.0019974927021667627,
    "ko": 0.0019974927021667627,
    "ah": 0.0019920499427603135,
    "ab": 0.0019884214364893475,
    "am": 0.001966650398863552,
    "ag": 0.0019394366018313071,
    "ec": 0.0019394366018313071,
    "tl": 0.0019285510830184091,
    "rk": 0.0018904517671732666,
    "nz": 0.0018813805014958518,
    "ka": 0.0018233244011603962,
    "to": 0.0018088103760765324,
    "rm": 0.0017743395665023559,
    "hl": 0.0017688968070959069,
    "op": 0.0017688968070959069,
    "os": 0.001754382782012043,
    "fü": 0.001750754275741077,
    "eo": 0.0017253547318443153,
    "rg": 0.0017217262255733493,
    "tz": 0.0016999551879475535,
    "ho": 0.0016981409348120705,
    "ek": 0.0016926981754056217,
    "ir": 0.0016745556440507917,
    "ba": 0.001665484378373377,
    "fa": 0.0016473418470185472,
    "sa": 0.0016473418470185472,
    "pe": 0.0016092425311734044,
    "mm": 0.0015802144810056768,
    "hn": 0.001560257696515364,
    "ku": 0.001553000683973432,
    "no": 0.001551186430837949,
    "lu": 0.0015276011400766703,
    "tt": 0.0015203441275347385,
    "rb": 0.0015203441275347385,
    "ck": 0.0015149013681282895,
    "rh": 0.001471359292876698,
    "ür": 0.001469545039741215,
    "ys": 0.0014604737740638,
    "nf": 0.0014586595209283171,
    "ff": 0.0014441454958444531,
    "rc": 0.0014024176737283446,
    "po": 0.0013933464080509298,
    "iv": 0.001355247092205787,
    "gs": 0.0013280332951735425,
    "nk": 0.0013207762826316105,
    "ga": 0.0013098907638187127,
    "sy": 0.0013098907638187127,
    "kl": 0.00127179144797357,
    "üb": 0.0012663486885671211,
    "ia": 0.0012645344354316381,
    "rl": 0.0012536489166187401,
    "nu": 0.0012518346634832571,
    "fr": 0.0012463919040768081,
    "ul": 0.0012336921321284273,
    "tw": 0.0012282493727219783,
    "su": 0.0012046640819606996,
    "sb": 0.0011919643100123188,
    "if": 0.00116837901925104,
    "id": 0.00116837901925104,
    "oz": 0.00116837901925104,
    "än": 0.001164750512980074,
    "gl": 0.0011538649941671762,
    "ef": 0.0011429794753542782,
    "fi": 0.0011248369439994484,
    "tä": 0.0011121371720510676,
    "mo": 0.0011030659063736526,
    "vi": 0.001074037856205925,
    "ew": 0.0010522668185801293,
    "ot": 0.0010196102621414355,
    "pi": 0.0010069104901930547,
    "ue": 0.0010050962370575717,
    "ät": 0.0010050962370575717,
    "gu": 0.0009942107182446737,
    "ak": 0.000983325199431776,
    "bl": 0.0009724396806188781,
    "ob": 0.0009688111743479121,
    "ih": 0.0009688111743479121,
    "rw": 0.0009488543898575993,
    "ld": 0.0009379688710447014,
    "lg": 0.0009361546179092184,
    "ja": 0.0009216405928253545,
    "oc": 0.0008926125426576268,
    "kr": 0.0008926125426576268,
    "rf": 0.000878098517573763,
    "pl": 0.00087628426443828,
    "hm": 0.000874470011302797,
    "ez": 0.0008635844924898992,
    "ün": 0.0008617702393544162,
    "ex": 0.0008508847205415183,
    "mp": 0.0008472562142705523,
    "rü": 0.0008472562142705523,
    "gt": 0.0008399992017286204,
    "sg": 0.0008381849485931374,
    "hä": 0.0008327421891866885,
    "bu": 0.0008218566703737906,
    "wo": 0.0008145996578318587,
    "hy": 0.0008127854046963757,
    "ap": 0.0007946428733415458,
    "dl": 0.0007873858607996139,
    "zw": 0.0007873858607996139,
    "fl": 0.000781943101393165,
    "ad": 0.000778314595122199,
    "ib": 0.0007710575825802671,
    "sm": 0.0007638005700383351,
    "lb": 0.0007402152792770565,
    "sw": 0.0007384010261415735,
    "üh": 0.0007293297604641586,
    "bn": 0.0007293297604641586,
    "je": 0.0007184442416512607,
    "of": 0.0007184442416512607,
    "nh": 0.0007166299885157777,
    "br": 0.0007130014822448117,
    "hs": 0.0006948589508899819,
    "ip": 0.0006930446977544989,
    "wu": 0.0006912304446190159,
    "ki": 0.0006876019383480499,
    "rä": 0.000683973432077084,
    "pa": 0.0006712736601287031,
    "är": 0.0006622023944512882,
    "ea": 0.0006549453819093563,
    "dr": 0.0006204745723351797,
    "do": 0.0006150318129287307,
    "ug": 0.0006059605472513158,
    "ps": 0.0006005177878448669,
    "yc": 0.000586003762761003,
    "pu": 0.00058418950962552,
    "zt": 0.000580561003354554,
    "ße": 0.0005787467502190711,
    "uk": 0.0005751182439481051,