{
  "language": "en",
  "version": 1,
  "ngram_size": 2,
  "ngrams": {
    "th": 0.02805421158872661,
    "in": 0.024510047060132056,
    "he": 0.022665818953013516,
    "an": 0.020478898092493977,
    "ti": 0.018117624778489716,
    "on": 0.017883150789320613,
    "er": 0.0177568955643834,
    "re": 0.015894630996559547,
    "at": 0.01553089570566901,
    "al": 0.015439210363750322,
    "es": 0.014943207694354137,
    "en": 0.014819958546201146,
    "ic": 0.014036875543912019,
    "st": 0.013004288168532689,
    "nd": 0.012856990406105943,
    "or": 0.012717207835639746,
    "te": 0.01235347254474921,
    "is": 0.01196869471636914,
    "ar": 0.011060859527534913,
    "of": 0.01102328356773217,
    "ed": 0.01089702834279496,
    "io": 0.010872979728521205,
    "nt": 0.010845925037463231,
    "it": 0.01012747268603482,
    "ng": 0.009389480835508982,
    "co": 0.008328335730679568,
    "me": 0.008299778001229486,
    "as": 0.008164504545939618,
    "ch": 0.008134443778097423,
    "ra": 0.00810889212543156,
    "to": 0.008093861741510463,
    "de": 0.00797662474692591,
    "se": 0.007961594363004814,
    "ca": 0.007838345214851822,
    "ri": 0.007752672026501573,
    "ro": 0.007608380340859046,
    "si": 0.007456573463255972,
    "le": 0.0074024640811400245,
    "ma": 0.007148450592873494,
    "li": 0.007038728790249489,
    "ce": 0.007026704483112612,
    "ve": 0.006891431027822744,
    "hi": 0.006545732197637525,
    "ne": 0.006509659276226893,
    "om": 0.006497634969090015,
    "di": 0.006356349360231708,
    "ha": 0.006329294669173735,
    "ns": 0.006246627557607704,
    "ec": 0.006099329795180958,
    "ci": 0.005991111030949063,
    "nc": 0.00596105026310687,
    "ie": 0.005858843652443414,
    "ea": 0.00578970388640637,
    "ct": 0.0057776795792694935,
    "el": 0.005753630964995739,
    "ol": 0.0057325884275062034,
    "lo": 0.005645412200763844,
    "la": 0.005531181282963511,
    "ta": 0.005462041516926467,
    "so": 0.005428974672300055,
    "ur": 0.005359834906263011,
    "pr": 0.005140391301015002,
    "em": 0.0050021117689409145,
    "tr": 0.0049855783466277075,
    "us": 0.004955517578785515,
    "et": 0.004552703289700128,
    "na": 0.004507612137936839,
    "pe": 0.0045015999843684,
    "ge": 0.004488072638839414,
    "ou": 0.004480557446878866,
    "ts": 0.004385866028175958,
    "ac": 0.0043693326058627515,
    "tu": 0.004294180686257269,
    "ni": 0.004164919384535839,
    "be": 0.004149889000614743,
    "ho": 0.004119828232772549,
    "ia": 0.004092773541714576,
    "no": 0.004037161121206519,
    "fo": 0.003975536547130024,
    "ly": 0.003915415011445637,
    "rs": 0.0038778390516428962,
    "og": 0.0037666142106267822,
    "mi": 0.0037575959802741243,
    "ll": 0.003659898484786997,
    "ss": 0.0035712192196525275,
    "mo": 0.0034810369161259484,
    "su": 0.0034419579179310977,
    "mp": 0.0033908546125993697,
    "ry": 0.0033773272670703826,
    "ph": 0.0033247209233465452,
    "un": 0.0033172057313859966,
    "pl": 0.0032916540787201326,
    "op": 0.0032330355814278564,
    "po": 0.003227023427859418,
    "ut": 0.0032074839287619923,
    "iv": 0.0031804292377040186,
    "oc": 0.0031338350475486197,
    "il": 0.0031082833948827553,
    "ot": 0.00309024693417744,
    "sc": 0.0030271193217088345,
    "os": 0.0030015676690429705,
    "vi": 0.0029700038628086675,
    "fi": 0.0029264157494374877,
    "rt": 0.0028287182539503608,
    "uc": 0.0027610815263054266,
    "im": 0.0027310207584632334,
    "ul": 0.0026949478370526018,
    "gi": 0.002604765533526023,
    "am": 0.0026032624951339133,
    "ee": 0.002586729072820707,
    "ex": 0.002582219957644378,
    "od": 0.0025807169192522683,
    "pa": 0.0025010558844704572,
    "ev": 0.0024905346157256896,
    "wi": 0.002461976886275606,
    "id": 0.0024589708094913867,
    "wh": 0.0023838188898859043,
    "ty": 0.00235977027561215,
    "ap": 0.0023236973542015184,
    "ir": 0.0023236973542015184,
    "ai": 0.002257563664948694,
    "ig": 0.002216981628361733,
    "ad": 0.002183914783735321,
    "cl": 0.0021613692078536763,
    "ud": 0.0021553570542852374,
    "ow": 0.0021162780560903868,
    "rm": 0.0021132719793061673,
    "eo": 0.0021012476721692904,
    "we": 0.0020997446337771807,
    "cs": 0.0020771990578955356,
    "ys": 0.002056156520406001,
    "gr": 0.0020516474052296716,
    "lu": 0.0020020471382900533,
    "sp": 0.0019253921802924612,
    "if": 0.0019118648347634744,
    "rn": 0.0018938283740581585,
    "rc": 0.0018893192588818296,
    "fe": 0.0018652706446080753,
    "wa": 0.0018562524142554174,
    "bl": 0.0018442281071185402,
    "ua": 0.0018307007615895533,
    "sy": 0.001827694684805334,
    "ab": 0.0018201794928447857,
    "du": 0.0018051491089236893,
    "mu": 0.0017946278401789217,
    "cu": 0.0017901187250025927,
    "ld": 0.0017615609955525095,
    "gy": 0.00175855491876829,
    "wo": 0.0017555488419840708,
    "um": 0.001737512381278755,
    "hy": 0.0017059485750444523,
    "ls": 0.0016803969223785882,
    "cr": 0.0016548452697127242,
    "by": 0.0016353057706152989,
    "ag": 0.0015887115804598998,
    "pu": 0.0015225778912070752,
    "av": 0.0015210748528149654,
    "va": 0.0015135596608544172,
    "fr": 0.0015120566224623075,
    "ue": 0.0015090505456780883,
    "rd": 0.001475983701051676,
    "ov": 0.0014699715474832374,
    "qu": 0.0014639593939147987,
    "ep": 0.0014489290099937023,
    "lt": 0.0014263834341120575,
    "ei": 0.0014128560885830707,
    "gh": 0.0014038378582304127,
    "rg": 0.0013948196278777548,
    "bo": 0.001381292282348768,
    "ds": 0.0013797892439566584,
    "ms": 0.0013452193609381365,
    "ru": 0.0013136555547038338,
    "sh": 0.0013031342859590662,
    "ga": 0.0012835947868616408,
    "da": 0.0012805887100774216,
    "gu": 0.0012730735181168732,
    "ke": 0.001261049210979996,
    "ef": 0.001261049210979996,
    "ps": 0.0012595461725878863,
    "ob": 0.001256540095803667,
    "ay": 0.0012279823663535838,
    "eg": 0.0012279823663535838,
    "pi": 0.0012249762895693644,
    "ba": 0.0012129519824324872,
    "pp": 0.0012024307136877198,
    "sa": 0.00120092767529561,
    "ui": 0.0011618486771007592,
    "oo": 0.001149824369963882,
    "sm": 0.0011393031012191144,
    "bi": 0.0011182605637295793,
    "ip": 0.0011122484101611407,
    "do": 0.0010626481432215223,
    "rk": 0.0010461147209083162,
    "yc": 0.0010325873753793294,
    "ff": 0.00102958129859511,
    "bu": 0.0010190600298503425,
    "dy": 0.0010070357227134653,
    "pt": 0.0009905023004002592,
    "rl": 0.0009859931852239303,
    "tt": 0.0009844901468318205,
    "iz": 0.0009754719164791626,
    "ub": 0.000973968878087053,
    "ib": 0.0009499202638132986,
    "go": 0.000913847342402667,
    "ug": 0.0009078351888342284,
    "nf": 0.0009003199968736802,
    "gn": 0.000883786574560474,
    "fa": 0.0008762713825999258,
    "xp": 0.0008702592290314871,
    "br": 0.0008672531522472679,
    "hu": 0.0008597379602867196,
    "ew": 0.0008432045379735135,
    "tw": 0.0008341863076208555,
    "ey": 0.0008341863076208555,
    "au": 0.0008206589620918687,
    "fu": 0.0008161498469155397,
    "mm": 0.0007966103478181143,
    "ft": 0.0007740647719364696,
    "vo": 0.0007560283112311538,
    "ny": 0.0007470100808784958,
    "rr": 0.0007394948889179477,
    "nv": 0.0007124401978599739,
    "hr": 0.0006823794300177809,
    "eu": 0.0006763672764493424,
    "mb": 0.0006763672764493424,
    "rv": 0.0006748642380572327,
    "ht": 0.0006673490460966844,
    "up": 0.0006598338541361362,
    "oa": 0.0006538217005676976,
    "cc": 0.0006493125853913686,
    "bs": 0.0006402943550387108,
    "je": 0.000622257894333395,
    "nu": 0.000613239663980737,
    "ze": 0.0006102335871965177,
    "ki": 0.0005651424354332282,
    "xt": 0.000562136358649009,
    "ks": 0.0005516150899042415,
    "nn": 0.0005501120515121318,
    "hn": 0.0005440998979436932,
    "xa": 0.0005425968595515836,
    "yp": 0.0005410938211594738,
    "ak": 0.0005410938211594738,
    "fl": 0.0005305725524147063,
    "eq": 0.0005155421684936098,