{
  "language": "es",
  "version": 1,
  "ngram_size": 2,
  "ngrams": {
    "de": 0.02889225393127548,
    "en": 0.027576004659289458,
    "es": 0.02432847990681421,
    "la": 0.022767617938264414,
    "os": 0.01906814210832848,
    "ci": 0.0186045428072219,
    "as": 0.01605591147350029,
    "er": 0.015808969132207338,
    "co": 0.015485148514851485,
    "ic": 0.015352358765288293,
    "nt": 0.015235876528829354,
    "te": 0.014716365754222482,
    "ra": 0.014683750728013978,
    "on": 0.013810133954571927,
    "el": 0.013772859638905066,
    "st": 0.012540477577169482,
    "ca": 0.01252417006406523,
    "ar": 0.01242632498543972,
    "re": 0.012179382644146768,
    "al": 0.012163075131042516,
    "ti": 0.011107746068724519,
    "in": 0.01108677926616191,
    "an": 0.011058823529411765,
    "or": 0.011035527082119977,
    "lo": 0.010658124635993011,
    "ta": 0.009982527664531159,
    "to": 0.009900990099009901,
    "ad": 0.009758881770529994,
    "ue": 0.009376820034944671,
    "si": 0.00895282469423413,
    "ri": 0.008794408852649972,
    "na": 0.008670937682003494,
    "ro": 0.0086592894583576,
    "io": 0.00860104834012813,
    "ia": 0.008594059405940595,
    "ac": 0.008433313919627258,
    "se": 0.008163075131042516,
    "do": 0.008100174723354689,
    "ie": 0.008072218986604544,
    "un": 0.007818287711124054,
    "da": 0.007762376237623762,
    "ma": 0.007711124053581829,
    "di": 0.00770879440885265,
    "le": 0.007697146185206756,
    "qu": 0.007603960396039604,
    "tr": 0.007503785672684915,
    "is": 0.007091438555620268,
    "li": 0.006800232964472918,
    "po": 0.006737332556785091,
    "me": 0.006623179965055329,
    "om": 0.0065556202679091435,
    "ón": 0.006404193360512522,
    "ne": 0.006385556202679091,
    "ió": 0.006294700058241118,
    "mo": 0.006208503203261503,
    "pr": 0.006168899242865463,
    "no": 0.006064065230052417,
    "so": 0.006052417006406523,
    "id": 0.005945253348864298,
    "mi": 0.005928945835760047,
    "ol": 0.005870704717530577,
    "ec": 0.005651718112987769,
    "nc": 0.00547699475829936,
    "ía": 0.005390797903319744,
    "ni": 0.005276645311589983,
    "pa": 0.005046010483401281,
    "nd": 0.004817705299941759,
    "am": 0.004689574839836925,
    "em": 0.004675596971461852,
    "at": 0.004656959813628422,
    "tu": 0.004393709959231217,
    "it": 0.004128130460104834,
    "cu": 0.003993011065812463,
    "pe": 0.0038532323820617354,
    "ed": 0.003776354105998835,
    "mp": 0.003734420500873617,
    "ce": 0.0037297612114152593,
    "ct": 0.0037227722772277226,
    "oc": 0.0036808386721025044,
    "fi": 0.0035503785672684916,
    "im": 0.0035154338963308096,
    "sa": 0.003510774606872452,
    "ur": 0.0034665113570180547,
    "iv": 0.003447874199184624,
    "ge": 0.0033523587652882934,
    "su": 0.0033197437390797904,
    "rt": 0.0032591729761211417,
    "og": 0.0031892836342457776,
    "ig": 0.0029306930693069307,
    "vi": 0.0029120559114735,
    "bi": 0.0027815958066394874,
    "ve": 0.0027582993593476997,
    "od": 0.00273733255678509,
    "ns": 0.0026721025043680837,
    "il": 0.0026721025043680837,
    "rm": 0.002669772859638905,
    "pl": 0.0026534653465346537,
    "ha": 0.0026045428072218988,
    "ob": 0.0026022131624927197,
    "va": 0.002578916715200932,
    "ab": 0.002576587070471753,
    "uc": 0.0025230052417006404,
    "gr": 0.0025043680838672104,
    "us": 0.0024764123471170646,
    "ua": 0.002471753057658707,
    "et": 0.0024670937682003493,
    "má": 0.0023576004659289457,
    "sc": 0.002343622597553873,
    "ll": 0.0023366336633663365,
    "za": 0.0023226557949912637,
    "gu": 0.002273733255678509,
    "ng": 0.0022527664531158996,
    "ga": 0.0021782178217821784,
    "ul": 0.0021409435061153174,
    "fo": 0.0020943506115317415,
    "br": 0.0020710541642399534,
    "ea": 0.0020663948747815957,
    "ba": 0.002040768782760629,
    "lu": 0.0020384391380314504,
    "ot": 0.0020011648223645893,
    "sp": 0.001970879440885265,
    "ud": 0.0019545719277810135,
    "rí": 0.0019429237041351194,
    "ap": 0.0018940011648223645,
    "eo": 0.0018940011648223645,
    "rr": 0.0018450786255096098,
    "ir": 0.0018287711124053581,
    "iz": 0.0018264414676761793,
    "pu": 0.0018171228887594643,
    "rs": 0.001807804309842749,
    "bl": 0.0018054746651135702,
    "gí": 0.001796156086196855,
    "ex": 0.0017682003494467094,
    "eg": 0.0017355853232382062,
    "ui": 0.001702970297029703,
    "mb": 0.0016983110075713453,
    "cr": 0.0016983110075713453,
    "du": 0.0016493884682585907,
    "hi": 0.0016074548631333722,
    "gi": 0.0016051252184041934,
    "if": 0.0015958066394874781,
    "je": 0.0015841584158415843,
    "vo": 0.0015771694816540478,
    "cl": 0.0015725101921956902,
    "mu": 0.0015701805474665114,
    "ás": 0.0015492137449039023,
    "op": 0.0015212580081537565,
    "ut": 0.0015165987186953988,
    "fe": 0.0015026208503203262,
    "fu": 0.0014886429819452533,
    "ch": 0.0014793244030285382,
    "fí": 0.0014653465346534653,
    "rg": 0.0014606872451951077,
    "um": 0.00145602795573675,
    "ip": 0.0014397204426324986,
    "pi": 0.001386138613861386,
    "ib": 0.0013698311007571346,
    "ru": 0.0013325567850902738,
    "ís": 0.0013232382061735585,
    "sm": 0.0012743156668608038,
    "go": 0.001258008153756552,
    "ev": 0.00122306348281887,
    "nf": 0.0012160745486313337,
    "be": 0.0011718112987769366,
    "lt": 0.0011578334304018637,
    "cc": 0.0011438555620267908,
    "át": 0.0011391962725684334,
    "au": 0.0011205591147350029,
    "ep": 0.0011019219569015726,
    "rc": 0.001097262667443215,
    "ho": 0.0010809551543389632,
    "of": 0.0010529994175888177,
    "rn": 0.0010343622597553874,
    "ef": 0.0010227140361094933,
    "aj": 0.0009807804309842749,
    "he": 0.0009458357600465928,
    "gl": 0.0009295282469423412,
    "af": 0.0009271986022131625,
    "án": 0.0009248689574839837,
    "ej": 0.0009085614443797321,
    "nu": 0.0009039021549213745,
    "xi": 0.0009015725101921957,
    "ag": 0.0008922539312754805,
    "jo": 0.0008922539312754805,
    "rd": 0.0008596389050669773,
    "én": 0.0008526499708794409,
    "lí": 0.0008363424577751893,
    "hu": 0.0008246942341292953,
    "ló": 0.0007944088526499708,
    "ps": 0.0007920792079207921,
    "av": 0.0007617938264414676,
    "rá": 0.0007548048922539313,
    "ím": 0.0007548048922539313,
    "xp": 0.0007431566686080372,
    "ét": 0.0007384973791496797,
    "lm": 0.0007338380896913221,
    "uí": 0.0007291788002329645,
    "bo": 0.0007058823529411765,
    "óg": 0.0007035527082119977,
    "óm": 0.0007012230634828189,
    "uy": 0.0006942341292952824,
    "ub": 0.0006872451951077461,
    "up": 0.0006779266161910308,
    "nv": 0.0006779266161910308,
    "tó": 0.0006662783925451369,
    "ay": 0.0006592894583576004,
    "fr": 0.0006592894583576004,
    "dr": 0.0006453115899825277,
    "tí": 0.0006453115899825277,
    "ít": 0.0006336633663366337,
    "té": 0.000629004076878276,
    "eb": 0.0006266744321490972,
    "pt": 0.0006173558532323821,
    "ié": 0.000605707629586488,
    "ov": 0.0005963890506697729,
    "ez": 0.0005824111822947001,
    "ye": 0.0005777518928363424,
    "mú": 0.0005754222481071636,
    "th": 0.000559114735002912,
    "gn": 0.0005428072218986604,
    "mé": 0.0005428072218986604,
    "rv": 0.0005404775771694816,
    "ño": 0.0005218404193360512,
    "sí": 0.0005148514851485149,
    "fa": 0.0005148514851485149,
    "añ": 0.0005125218404193361,
    "nó": 0.0005078625509609784,
    "ju": 0.0005032032615026208,
    "ús": 0.0004985439720442633,
    "mí": 0.0004962143273150845,
    "bu": 0.0004962143273150845,
    "ja": 0.00047757716948165405,
    "és": 0.00047524752475247524,
    "lg": 0.00046825859056493884,
    "ae": 0.00046592894583576003,
    "rq": 0.00046359930110658127,
    "xt": 0.00045894001164822364,
    "tá": 0.00045894001164822364,
    "ún": 0.00045428072218986606,
    "sd": 0.00044962143273150843,
    "éc": 0.00043797320908561447,
    "az": 0.000430984274898078,
    "có": 0.00042399534071054163,