{
  "language": "fr",
  "version": 1,
  "ngram_size": 2,
  "ngrams": {
    "es": 0.03575983317847584,
    "de": 0.023130646923289207,
    "en": 0.022745272219872596,
    "le": 0.022141083066210966,
    "on": 0.021117227392303282,
    "nt": 0.0201260305915665,
    "ti": 0.017449635935211327,
    "re": 0.017217757935697943,
    "la": 0.014918573264466656,
    "qu": 0.014324181772756295,
    "an": 0.01317132354982356,
    "ue": 0.01289045724055383,
    "ie": 0.012189924411038045,
    "is": 0.011948248749573393,
    "te": 0.011935185200305034,
    "in": 0.011641255341766943,
    "er": 0.01125751358200888,
    "me": 0.01093745662493407,
    "at": 0.010176504880052124,
    "ur": 0.009823789049806415,
    "io": 0.00980909255687951,
    "ne": 0.009611506374195571,
    "ns": 0.009582113388341761,
    "st": 0.009562518064439222,
    "it": 0.00933390595224293,
    "co": 0.00915264920614444,
    "ce": 0.00901711488248521,
    "et": 0.008917505319313969,
    "ar": 0.008914239431996878,
    "ra": 0.00886198523492344,
    "li": 0.008826060474435451,
    "ou": 0.008633373122727146,
    "se": 0.008272492574188713,
    "ri": 0.007941005011504089,
    "ai": 0.007728722335893245,
    "iq": 0.0076356445473561825,
    "tr": 0.007487046674428592,
    "el": 0.007428260702720974,
    "ma": 0.007126166125890158,
    "or": 0.006886123408084051,
    "si": 0.006848565703937517,
    "pa": 0.006770184408327359,
    "un": 0.006471355718813633,
    "al": 0.0064240003527158305,
    "so": 0.0063047954656420485,
    "ch": 0.006241110662958796,
    "lo": 0.0061855905785682674,
    "ci": 0.006159463480031549,
    "pr": 0.0060173973817381375,
    "em": 0.005883496001737452,
    "om": 0.00577408877661494,
    "au": 0.005769189945639306,
    "ro": 0.005545476664418647,
    "di": 0.005540577833443013,
    "nc": 0.005517716622223384,
    "po": 0.005498121298320844,
    "eu": 0.005449132988564496,
    "ve": 0.0054458671012474055,
    "ta": 0.005276040960758731,
    "il": 0.005106214820270056,
    "ir": 0.005045795904903893,
    "ll": 0.005004972313440269,
    "hi": 0.004980478158562095,
    "du": 0.004802487299780695,
    "té": 0.004709409511243634,
    "us": 0.00466858591978001,
    "ui": 0.004518355103193874,
    "ol": 0.004475898568071706,
    "ré": 0.004405681990754273,
    "ut": 0.004356693680997925,
    "rt": 0.004343630131729565,
    "da": 0.00433219952611975,
    "ic": 0.004314237145875756,
    "ec": 0.004299540652948851,
    "ss": 0.004165639272948165,
    "ni": 0.004150942780021261,
    "pe": 0.004097055639289277,
    "mi": 0.00400887668172785,
    "ph": 0.003945191879044597,
    "oi": 0.003940293048068962,
    "ct": 0.003933761273434783,
    "pl": 0.003889671794654069,
    "nd": 0.003855379977824625,
    "sa": 0.003822721104653726,
    "no": 0.003763935132946108,
    "dé": 0.0037541374709948385,
    "rs": 0.003736175090750844,
    "ét": 0.0037165797668483043,
    "to": 0.003633299640262512,
    "na": 0.0036267678656283324,
    "og": 0.003571247781237804,
    "ér": 0.0035581842319694443,
    "ée": 0.0033459015563586008,
    "tu": 0.003283849697333893,
    "ca": 0.0032658873170898985,
    "he": 0.0032054684017237354,
    "lu": 0.0032022025144066452,
    "gi": 0.0031613789229430218,
    "nn": 0.0031254541624550327,
    "mo": 0.003123821218796488,
    "su": 0.0030927952892841337,
    "ac": 0.0030683011344059597,
    "ge": 0.003063402303430325,
    "mp": 0.003029110486600881,
    "as": 0.003014413993673976,
    "fo": 0.0029082726558685547,
    "ap": 0.0029066397122100096,
    "im": 0.0028576514024536612,
    "ts": 0.0028494866841609363,
    "op": 0.0028462207968438465,
    "th": 0.0028184607546485824,
    "és": 0.0028135619236729476,
    "os": 0.002803764261721678,
    "iv": 0.002764573613916599,
    "vi": 0.0027057876422089807,
    "éc": 0.002704154698550436,
    "rm": 0.0026584322761111774,
    "oc": 0.0026453687268428176,
    "fi": 0.0025980133607450143,
    "mm": 0.0025653544875741154,
    "ul": 0.0024902390792810474,
    "sc": 0.002379198910499991,
    "ex": 0.0023661353612316315,
    "ia": 0.0023351094317192772,
    "do": 0.0022926528965971087,
    "ux": 0.0022665257980603896,
    "if": 0.0022599940234262097,
    "gr": 0.002219170431962586,
    "av": 0.002217537488304041,
    "lé": 0.0021391561926938835,
    "ag": 0.002090167882937535,
    "pp": 0.002086901995620445,
    "mé": 0.002086901995620445,
    "bl": 0.0020526101787910014,
    "né": 0.002047711347815366,
    "va": 0.0019464688409855794,
    "ig": 0.0019219746861074052,
    "rc": 0.0018893158129365062,
    "uv": 0.0018860499256194163,
    "hé": 0.0018599228270826972,
    "ot": 0.0018174662919605285,
    "am": 0.0017929721370823542,
    "ng": 0.0017782756441554496,
    "ho": 0.001739084996350371,
    "cu": 0.0017178567287892865,
    "ém": 0.0017162237851307417,
    "ys": 0.0016982614048867471,
    "ha": 0.001673767250008573,
    "od": 0.0016607037007402134,
    "cr": 0.0016476401514718539,
    "cl": 0.001644374264154764,
    "id": 0.0016264118839107694,
    "sé": 0.0016247789402522245,
    "tt": 0.0016133483346424098,
    "fa": 0.0015561953065933367,
    "gé": 0.0015039411095198983,
    "vo": 0.0014925105039100836,
    "iè": 0.0014663834053733644,
    "éd": 0.0014647504617148195,
    "sp": 0.0014533198561050048,
    "ab": 0.001443522194153735,
    "ga": 0.0014288257012268306,
    "ep": 0.001384736222446117,
    "éo": 0.0013586091239093977,
    "ob": 0.001353710292933763,
    "nf": 0.0013455455746410382,
    "bi": 0.0013390138000068583,
    "èr": 0.0012949243212261447,
    "sy": 0.0012606325043967009,
    "um": 0.0012606325043967009,
    "pé": 0.0012557336734210659,
    "gu": 0.0012426701241527063,
    "ip": 0.0012263406875672568,
    "ad": 0.0012083783073232625,
    "ff": 0.0012002135890305378,
    "mu": 0.0011789853214694533,
    "én": 0.0011757194341523633,
    "ud": 0.0011691876595181837,
    "ea": 0.0011691876595181837,
    "uc": 0.0011675547158596386,
    "év": 0.0011528582229327342,
    "br": 0.0011495923356156443,
    "él": 0.0011495923356156443,
    "rd": 0.0011397946736643745,
    "gn": 0.0011218322934203801,
    "mb": 0.0011120346314691103,
    "pu": 0.0011120346314691103,
    "rn": 0.001063046321712762,
    "pt": 0.001059780434395672,
    "rr": 0.0010516157161029472,
    "ib": 0.0010352862795174978,
    "ps": 0.0010254886175662282,
    "je": 0.0010042603500051437,
    "ls": 0.0009993615190295089,
    "ei": 0.000997728575370964,
    "fr": 0.0009748673641513347,
    "ég": 0.0009716014768342448,
    "ba": 0.0009536390965902504,
    "ua": 0.0009438414346389807,
    "dr": 0.0009356767163462559,
    "rg": 0.0009242461107364413,
    "sm": 0.0009144484487851716,
    "ru": 0.0009144484487851716,
    "ié": 0.0009062837304924468,
    "hy": 0.0008883213502484524,
    "pi": 0.0008752578009800927,
    "be": 0.0008736248573215479,
    "xe": 0.0008507636461019185,
    "xi": 0.000836067153175014,
    "ép": 0.0008279024348822893,
    "hu": 0.0008001423926870251,
    "èm": 0.0007936106180528453,
    "fe": 0.000774015294150306,
    "bo": 0.0007691164631746711,
    "lt": 0.0007625846885404913,
    "up": 0.0007544199702477666,
    "nu": 0.0007527870265892216,
    "rv": 0.0007446223082964969,
    "vr": 0.0007168622661012327,
    "ès": 0.0006972669421986933,
    "xp": 0.0006940010548816035,
    "lh": 0.000676038674637609,
    "êt": 0.0006695069000034291,
    "éf": 0.0006662410126863393,
    "yc": 0.0006613421817107044,
    "cc": 0.0006548104070765246,
    "éa": 0.0006058220973201761,
    "rè": 0.0005976573790274514,
    "ev": 0.0005911256043932716,
    "jo": 0.0005845938297590918,
    "fé": 0.0005813279424420019,
    "tè": 0.0005796949987834569,
    "ef": 0.0005682643931736424,
    "èc": 0.0005682643931736424,
    "ub": 0.0005600996748809176,
    "sb": 0.000547036125612558,
    "sl": 0.0005372384636612883,
    "bn": 0.0005372384636612883,
    "cé": 0.0005274408017100186,
    "ly": 0.000514377252441659,
    "hn": 0.0005127443087831141,
    "bu": 0.0004915160412220297,
    "gl": 0.0004882501539049398,
    "nv": 0.0004751866046365802,