{
  "language": "it",
  "version": 1,
  "ngram_size": 2,
  "ngrams": {
    "on": 0.021044117138476554,
    "er": 0.01822555420209884,
    "en": 0.01750506265394503,
    "te": 0.01691522023985644,
    "di": 0.016734617025119216,
    "co": 0.016705797363193064,
    "ti": 0.016698112120012758,
    "la": 0.01649061055414446,
    "in": 0.016137089367850323,
    "ic": 0.01554340433217158,
    "ri": 0.015086132362943294,
    "al": 0.015016965174320529,
    "de": 0.014817148851632538,
    "el": 0.014507817813625168,
    "re": 0.014017883560880575,
    "nt": 0.014012119628495344,
    "ne": 0.013620172226299672,
    "le": 0.01337232313373476,
    "li": 0.01329354939113661,
    "ll": 0.013289706769546456,
    "io": 0.01312831666276,
    "at": 0.012797851206006785,
    "st": 0.01279016596282648,
    "ra": 0.012574979153777874,
    "si": 0.012544238181056645,
    "to": 0.012380926763475113,
    "an": 0.011281936988691165,
    "ta": 0.011205084556888092,
    "ia": 0.010955314153528102,
    "or": 0.010513412670660431,
    "no": 0.010238665226964445,
    "ca": 0.010230979983784137,
    "me": 0.010102252160513988,
    "ar": 0.00998697351280938,
    "es": 0.00973143917706416,
    "ch": 0.00887069194086974,
    "is": 0.008841872278943586,
    "so": 0.008601708429558982,
    "il": 0.008544069105706677,
    "ci": 0.008446082255157758,
    "tt": 0.00842686914720699,
    "lo": 0.008323118364272842,
    "ni": 0.008175177433051925,
    "ol": 0.008009944704675318,
    "it": 0.00796575455638855,
    "na": 0.007754410368930099,
    "zi": 0.007744803814954715,
    "ro": 0.007685243180307333,
    "fi": 0.007485426857619343,
    "ma": 0.007252948251415045,
    "un": 0.007003177848055057,
    "tr": 0.0069282467270470605,
    "se": 0.006903269686711061,
    "he": 0.006803361525367067,
    "pe": 0.006759171377080299,
    "pr": 0.006732273025949223,
    "os": 0.006695768120842764,
    "et": 0.0064940304873596965,
    "ss": 0.006438312474302468,
    "om": 0.0062058338680981715,
    "po": 0.005631361940370198,
    "nd": 0.005425781685296977,
    "ie": 0.0053450866319037504,
    "mi": 0.00526054895692037,
    "da": 0.005016542485945612,
    "ve": 0.004709132758733318,
    "gi": 0.00468991965078255,
    "sc": 0.004565034449102555,
    "tu": 0.004492024638889636,
    "ce": 0.004478575463324098,
    "am": 0.004470890220143791,
    "mo": 0.00438058861277518,
    "iv": 0.004367139437209642,
    "em": 0.0042691525866607235,
    "im": 0.004215355884398572,
    "az": 0.004178850979292112,
    "vi": 0.004175008357701958,
    "as": 0.0041557952497511905,
    "og": 0.004153873938956113,
    "do": 0.0040943133043087315,
    "qu": 0.004046280534431811,
    "su": 0.003848385522538897,
    "rt": 0.0037407921180145944,
    "ge": 0.0037292642532441335,
    "va": 0.0036773888617770588,
    "nz": 0.003629356091900138,
    "ec": 0.0036255134703099844,
    "ut": 0.003617828227129677,
    "mp": 0.003617828227129677,
    "ur": 0.003592851186793678,
    "pa": 0.0034967856470398363,
    "za": 0.003466044674318607,
    "pi": 0.0033373168510484595,
    "nc": 0.0031509497039260066,
    "eg": 0.003087546447688471,
    "sa": 0.0030318284346312428,
    "ue": 0.0029799530431641684,
    "lt": 0.0029665038675986306,
    "ua": 0.0028185629363777142,
    "op": 0.0028185629363777142,
    "sp": 0.0027839793420663312,
    "oc": 0.0027743727880909473,
    "ed": 0.0027436318153697178,
    "tà": 0.0026667793835666444,
    "lu": 0.00265140889720603,
    "iz": 0.0026206679244848005,
    "fo": 0.0025265236955260358,
    "bi": 0.0025073105875752675,
    "if": 0.0024592778176983467,
    "rm": 0.0024343007773623476,
    "ot": 0.0023997171830509646,
    "ns": 0.0023209434404528146,
    "hi": 0.0022863598461414316,
    "od": 0.002280595913756201,
    "rs": 0.0022479336302398947,
    "ui": 0.002221035279108819,
    "of": 0.0021730025092318982,
    "ig": 0.0021384189149205152,
    "gl": 0.002073094347887903,
    "ul": 0.0020634877939125188,
    "pp": 0.002036589442781443,
    "ag": 0.0020096910916503675,
    "gr": 0.0020000845376749836,
    "cu": 0.0019943206052897527,
    "vo": 0.0019885566729045223,
    "id": 0.001984714051314369,
    "ei": 0.0019770288081340614,
    "ng": 0.0019731861865439075,
    "ad": 0.001925153416666987,
    "cc": 0.0018848058899703735,
    "us": 0.0018636714712245283,
    "ap": 0.001832930498503299,
    "ir": 0.0018002682149869927,
    "ac": 0.0017887403502165318,
    "rc": 0.0017272584047740732,
    "ip": 0.0016580912161513071,
    "av": 0.0016523272837660765,
    "ev": 0.001646563351380846,
    "zz": 0.0016446420405857693,
    "cr": 0.0016100584462743863,
    "uo": 0.0016042945138891557,
    "ov": 0.0016042945138891557,
    "ea": 0.0015581830548073118,
    "eo": 0.0015524191224220813,
    "fe": 0.0015524191224220813,
    "ga": 0.001544733879241774,
    "gg": 0.0015255207712910055,
    "pl": 0.0015235994604959288,
    "go": 0.001475566690619008,
    "gu": 0.0014717240690288542,
    "nn": 0.0014198486775617797,
    "ud": 0.001417927366766703,
    "rn": 0.001416006055971626,
    "du": 0.0014140847451765493,
    "um": 0.0013756585292750126,
    "gn": 0.001360288042914398,
    "ru": 0.0013314683809882454,
    "ib": 0.001254615949185172,
    "pu": 0.001221953665668866,
    "fa": 0.0011816061389722525,
    "cl": 0.0011527864770461,
    "rr": 0.0011239668151199473,
    "mu": 0.0011220455043248706,
    "ab": 0.0011201241935297939,
    "nf": 0.0011124389503494865,
    "ba": 0.0011124389503494865,
    "nu": 0.0011028323963741024,
    "ha": 0.0011009110855790254,
    "ff": 0.0010874619100134876,
    "be": 0.0010394291401365668,
    "up": 0.0010067668566202607,
    "ai": 0.0009894750594645692,
    "rg": 0.0009491275327679556,
    "fr": 0.0009433636003827251,
    "au": 0.0009318357356122641,
    "sm": 0.0009183865600467263,
    "af": 0.0008914882089156506,
    "rd": 0.0008838029657353433,
    "fu": 0.0008818816549402665,
    "mb": 0.0008626685469894981,
    "br": 0.0008453767498338066,
    "ze": 0.0008319275742682688,
    "iù": 0.0008127144663175004,
    "ps": 0.0008088718447273467,
    "mm": 0.0007915800475716553,
    "ef": 0.0007877374259815016,
    "ob": 0.0007704456288258101,
    "uz": 0.0007646816964405796,
    "ez": 0.0007569964532602723,
    "oi": 0.0007397046561045808,
    "bb": 0.0007320194129242734,
    "iu": 0.0006993571294079673,
    "bo": 0.0006897505754325831,
    "rv": 0.0006532456703261233,
    "uc": 0.0006244260083999708,
    "bl": 0.0006032915896541256,
    "lc": 0.0005783145493181268,
    "eu": 0.0005725506169328963,
    "lm": 0.000564865373752589,
    "eb": 0.0005591014413673585,
    "sv": 0.000541809644211667,
    "ep": 0.0005322030902362828,
    "rl": 0.0005245178470559754,
    "nv": 0.00048224900956428515,
    "th": 0.0004803276987692083,
    "bu": 0.00042076706412182645,
    "vv": 0.0004092391993513655,
    "ii": 0.00037465560503998247,
    "uò": 0.00036120642947444465,
    "fl": 0.00034391463231875314,
    "wi": 0.0003400720107285995,
    "dr": 0.00033046545675321533,
    "ee": 0.00030740972721229334,
    "sf": 0.00029011793005660183,
    "ki": 0.000288196619261525,
    "rp": 0.0002843539976713713,
    "ub": 0.0002843539976713713,
    "rz": 0.0002824326868762945,
    "lg": 0.00027474744369598717,
    "cn": 0.00027474744369598717,
    "zo": 0.00026898351131075663,
    "dd": 0.00026706220051567984,
    "hé": 0.000265140889720603,
    "oe": 0.0002612982681304493,
    "ik": 0.00025361302495014197,
    "ho": 0.0002516917141550652,
    "bn": 0.0002382425385895273,
    "ou": 0.00023055729540921998,
    "ls": 0.00022863598461414316,
    "gh": 0.00022863598461414316,
    "ae": 0.0002247933630239895,
    "iò": 0.00022287205222891265,
    "wa": 0.00022287205222891265,
    "rb": 0.00021518680904860531,
    "ph": 0.00020750156586829798,
    "sb": 0.00020558025507322116,
    "rà": 0.00019981632268799065,
    "eq": 0.00019213107950768332,
    "tm": 0.0001863671471224528,
    "vu": 0.00017676059314706866,
    "lv": 0.00017099666076183815,
    "oo": 0.00016907534996676133,
    "oa": 0.00016331141758153082,